[{"@type":"mappingTemplate","id":"@1","name":"rpr_week_number","description":"","autoExpireObject":false,"bundleVersion":"0","assetFrsGuid":"8lEzbTXLel2c633wBgQxEK","templateId":"@3","deployTime":1751640640000,"hasParameters":false,"valid":true,"fixedConnection":true,"hasParametersDeployed":false,"fixedConnectionDeployed":true,"isSchemaValidationEnabled":false,"tasks":1,"mappingPreviewFileRecordId":"@2","documentType":"MAPPING","allowMaxFieldLength":false,"specialCharacterSupport":false,"references":[{"@type":"reference","refObjectId":"@1kqFOKoO4O1br6tJ47wRYg","refType":"connection"},{"@type":"reference","refObjectId":"@1WvrBqM3uwsgt31MIwZI8O","refType":"connection"}]}]